TitleName,Genre
006 kaÃ§is,Comedy
41 el hombre perfecto,Comedy
A Bizarre Love Triangle,Comedy
Adventures of Death,Comedy
All Wrong,Comedy
America's Most Retarded,Comedy
August der Schwache,Comedy
Bait & Tackle,Comedy
Bakenbardy,Comedy
Bakula Namdev Ghotale,Comedy
Bara en kypare,Comedy
Besties,Comedy
Bhedi Bungla,Comedy
Blue Like Jazz,Comedy
Change of Our Lives,Comedy
Chori Mera Kaam,Comedy
Co-Ed,Comedy
Company Blood,Comedy
Cowardice Court,Comedy
Crazy Boy,Comedy
Dai e qun ci,Comedy
Davaro: Son Eskiya,Comedy
De ranchero a empresario,Comedy
Death in the Saddle,Comedy
Dedd Brothers,Comedy
Den khomyachka,Comedy
Dennis P.,Comedy
"Deystvuy, Manya!",Comedy
Die Hallo-Sisters,Comedy
Die lustigen Weiber von Windsor,Comedy
Doing Time for Patsy Cline,Comedy
Egy csÃ_k Ã©s mÃ¡s semmi,Comedy
Ehesanatorium,Comedy
Enas Kitsos sta bouzoukia,Comedy
"Este loco, loco, Buenos Aires",Comedy
Evliya Ã‡elebi ve Ã–lÃ_msÃ_zlÃ_k Suyu,Comedy
Fahrt ins GlÃ_ck,Comedy
"Foute Vrienden, de film",Comedy
Get Your Man,Comedy
Ghost Fever,Comedy
Golpe de gulat,Comedy
"Gorio... kahapon, ngayon at bukas",Comedy
Green Card,Comedy
GTO,Comedy
"Happier Times, Grump",Comedy
Harakiri Girl,Comedy
Hay muertos que no hacen ruido,Comedy
Head Space,Comedy
"Help, I Shrunk My Teacher",Comedy
Hind Ka Napak Ko Jawab,Comedy
Home on the Range,Comedy
I Bought a Vampire Motorcycle,Comedy
Il marchese di Ruvolito,Comedy
In the Name of Father and Son,Comedy
Intervista,Comedy
It Pays to Advertise,Comedy
Kadavul Irukaan Kumaru,Comedy
KÃ_rlek mÃ¥ste vi ha,Comedy
Keranda Tok Wan Terbang,Comedy
Kinky Business,Comedy
Krallar krali hÃ_daverdi,Comedy
La Banda dei Supereroi,Comedy
Leo the Last,Comedy
Let's All Sing Around,Comedy
Let's Go to Bed,Comedy
Like Life,Comedy
Los Ã¡ngeles de Puebla,Comedy
Love at 16,Comedy
Lover Come Back,Comedy
Luckee,Comedy
Lymelife,Comedy
Madam Satan,Comedy
Man in Progress,Comedy
Marital Problems,Comedy
Mary's Lamb,Comedy
Mask de 41,Comedy
Merchants of Venus,Comedy
Mr. Muo's Travelling Couch,Comedy
"Mulheres, Cheguei!",Comedy
Murder in Rock Island,Comedy
MÃºsica en la noche,Comedy
Ne le criez pas sur les toits,Comedy
Oh Lucy!,Comedy
One Saturday Night,Comedy
Parta ola,Comedy
Platinum Blonde,Comedy
Qing chun er nu,Comedy
Raato Ghar,Comedy
Random Breach 2,Comedy
Raogari Illu,Comedy
Realtors,Comedy
Safe Spaces,Comedy
Sarong Girl,Comedy
Say Yes,Comedy
Scott & Crowley: A Comic Book Adventure,Comedy
Sexy Atsay,Comedy
Shadow of a Chance,Comedy
Smash Cut,Comedy
Something New,Comedy
South Sea Woman,Comedy
Spud 3: Learning to Fly,Comedy
Super Size Me,Comedy
Ten-Buck Baton,Comedy
Than Than Gopal,Comedy
That's No Way to Land a Man,Comedy
The 'Burbs,Comedy
The Castle,Comedy
The Dark Dealer,Comedy
The Family,Comedy
The First Semester,Comedy
The Honeymoon,Comedy
The Juche Idea,Comedy
The Last Black Sea Pirates,Comedy
The Man in the Mirror,Comedy
The Man of Merit,Comedy
The Nut,Comedy
The Purple Rose of Cairo,Comedy
Thermae Romae II,Comedy
This Beautiful Fantastic,Comedy
Tiempos Felices,Comedy
Trifling with Fate,Comedy
Tunnel Rendez-vous,Comedy
Twenty Percent Fiction,Comedy
Two-Bit Seats,Comedy
U Pana Boga za miedza,Comedy
Un modelo de ParÃ_s,Comedy
Un trÃ©sor de femme,Comedy
Varnam,Comedy
Vuelve el ojo de vidrio,Comedy
We Are No Angels,Comedy
We're No Angels,Comedy
What Women Love,Comedy
Xanadu,Comedy
Yi Pao Er Hong,Comedy
(Uno de los) primos,Comedy
A Bully Affair,Comedy
A Cow and a Salad,Comedy
A Date with Snout the Wall,Comedy
A Heated Affair,Comedy
A Hotel Disgrace,Comedy
A Matter of High Explosives,Comedy
A Short Film on Freedom,Comedy
A Tale of Twenty Stories,Comedy
A TerrÃ_vel Epidemia dos Technojovens,Comedy
Adotta un Italiano: Art. 1 Costituzione Italiana,Comedy
Adults,Comedy
Al menos no es navidad,Comedy
All Men Must Die,Comedy
Alone Together,Comedy
Angelina,Comedy
Another Shade of Green,Comedy
Any Given Sunday,Comedy
Approv-o,Comedy
Aunque aÃºn no te conozca,Comedy
Avo,Comedy
Baby Show in Squirrelville,Comedy
Be,Comedy
Best Friends,Comedy
Big Demon Promise,Comedy
Big Slick,Comedy
Birthday,Comedy
Blondiner og biler,Comedy
Bogans Vs. Time Travel,Comedy
Bongo,Comedy
"Bravo, My Life!",Comedy
Brazzaville Teen-Ager,Comedy
Brown's Moving Day,Comedy
Buddy's Bearcats,Comedy
Bunny Was a Rabbit,Comedy
Bus Stop,Comedy
Buster and Sunshine,Comedy
Cambrioleur antiquaire,Comedy
Caroline,Comedy
Carpool,Comedy
Carriages,Comedy
Casanova Cat,Comedy
Charlie Forced to Find a Job,Comedy
Checkmate,Comedy
Cherokee,Comedy
Chump Change,Comedy
Colonel Heeza Liar's Vacation,Comedy
Come Fly with Me,Comedy
Comedy of the Absurd,Comedy
Confetti,Comedy
Conversations,Comedy
Cost of Living,Comedy
Courtship of Miles Sandwich,Comedy
Dangerous Daze,Comedy
Depth of Phil,Comedy
Det suser i sivet,Comedy
Die JÃ_gerprÃ_fung,Comedy
Dirty Bomb,Comedy
Dirty Magazines,Comedy
Dirty Words: The Letter C,Comedy
Dog Days,Comedy
Don't Come Hungry,Comedy
Dopskoni: Serieavslutning,Comedy
Double Crossed,Comedy
Dr. Kilkenny & the Reanimation Station,Comedy
Droopy Leprechaun,Comedy
Duh Saiya Peepulz Versus Kuralla,Comedy
El viaje de papa,Comedy
Endless Pudding,Comedy
Er steigt nach,Comedy
Eric's Haircut,Comedy
Estranged,Comedy
Ett nytt Ã¥r,Comedy
Exit Interview,Comedy
Exit Survey,Comedy
Exquisite,Comedy
Extraordinary Proof,Comedy
Fast Love: Second Chances,Comedy
Father's Day,Comedy
First,Comedy
Freddie 2,Comedy
Fuk It,Comedy
Game Over,Comedy
Gator Watching,Comedy
Get the Hell Out of Heaven,Comedy
Glitter & Girl Bosses,Comedy
Gossip,Comedy
Green Eggs & Ham: A Bedtime Story by Dr. Seuss,Comedy
Halloween Knight,Comedy
Ham the Diver,Comedy
Handsome,Comedy
Hard Wood,Comedy
Hastrman,Comedy
Hatta Marri,Comedy
Helen Does the Washing,Comedy
"Hell Is Other People: If It Stinks, We Can Kill It",Comedy
Henrietta's Hair,Comedy
High Maintenance,Comedy
Highnote,Comedy
Home Sweet Home,Comedy
Horton Hatches the Egg,Comedy
How Does It Feel,Comedy
How to Get 6 Pack Abs in One Day,Comedy
Hungry Girl,Comedy
In Theory,Comedy
Incidences,Comedy
Infidelity,Comedy
International House of Feet,Comedy
Jason's Ladies,Comedy
Jedi Club,Comedy
Just Work 2,Comedy
Justice,Comedy
KÃ_pÃ_sen rakkausseikkailu,Comedy
Karma,Comedy
Kill Bill: Vol. 1 - Remake,Comedy
L'idÃ©e de FranÃ§oise,Comedy
La tragÃ©die de Michel,Comedy
Lances Pants,Comedy
Late Bloomer,Comedy
Le bouquet de Patouillard,Comedy
Le frotteur,Comedy
Le pantalon coupÃ©,Comedy
Lecture 101,Comedy
Let's Go on a Date,Comedy
Lexationships,Comedy
Little Finger Rhapsody,Comedy
Little Willie's Adventure with a Tramp,Comedy
Local Gorilla vs Spanish Conquistador in Tennis,Comedy
Love at First Sight,Comedy
Love at First Sight?,Comedy
"Love Thy Neighbour, Love Thyself",Comedy
Loverman,Comedy
Manbabies,Comedy
Manbirth,Comedy
Marinated Mariner,Comedy
Mascarpone,Comedy
Mile-a-Minute Monty,Comedy
Milk Man,Comedy
Mother of a Phone Call,Comedy
Mr. Nobody,Comedy
Mugsey Grant Savings,Comedy
New Dad,Comedy
Nina Quits,Comedy
Ninja Star in the Eye,Comedy
No Gift,Comedy
Nomeolvides,Comedy
Off to Iraq,Comedy
Oh Happy Day,Comedy
One Shameful Day-Margarita Remorse,Comedy
Our Garden,Comedy
Out for Vengeance,Comedy
Out with it Rogue,Comedy
Paa de vilde Vover,Comedy
Paperman,Comedy
Pauper's Palace,Comedy
Pep Talk,Comedy
Pet Names,Comedy
Pharmacopeia,Comedy
Pizza Bagel,Comedy
Polished,Comedy
Poor George,Comedy
Poppy,Comedy
President O-Bomb-A: Stand-up,Comedy
Prometheus,Comedy
Protect and Serve,Comedy
QuÃ© divertido,Comedy
R. Kelly Makes a Sundae,Comedy
Race Reaction,Comedy
Rainy Day Boys,Comedy
Rattle,Comedy
Raw & Sore,Comedy
Re-Animated,Comedy
"Red, Green and Yellow",Comedy
Reflections,Comedy
Remote,Comedy
Riddle Me This,Comedy
Rolling to Ruin,Comedy
Ruby's Balloon,Comedy
Rushers,Comedy
Santa's WishList,Comedy
Sexbot Pandapocalypse,Comedy
Sherman Was Right,Comedy
Shopping,Comedy
Shower Chameleon,Comedy
Shut Up! I Said Shut Up!,Comedy
Sigue a Tu Corazon,Comedy
Single,Comedy
Sinister Nicky,Comedy
Skylight Theater Seat,Comedy
Sloboda i performans,Comedy
Smart TV,Comedy
SomlÃ_i galuska,Comedy
Southern Hospitality,Comedy
Star Trak,Comedy
Stella's Big Adventure,Comedy
"Sunday Drive, Number Two",Comedy
Sunday Morning Aspirin,Comedy
Super Sunday,Comedy
T Is for Testosterone Replacement Therapy,Comedy
Taste of Suomi,Comedy
Tattle-Tale Heart,Comedy
Tell Me Everything,Comedy
That Unusual Brick,Comedy
The B-Roll Sharks,Comedy
The Bedford Devil,Comedy
The Caretaker's Daughter,Comedy
The Cook of the Ranch,Comedy
The Cowboy Sheik,Comedy
The Date,Comedy
The Date,Comedy
The Disposal,Comedy
The Dressmaker's Accident,Comedy
The EXperiment,Comedy
The First Message,Comedy
The Foreign Invasion,Comedy
The Ghost Fisher,Comedy
The Goose,Comedy
The Interview,Comedy
The Intruder,Comedy
The Last Stand 2,Comedy
The Life Coach,Comedy
The Magic Bag,Comedy
The Mentor,Comedy
The Misadventures of Bernie Burns,Comedy
The Most Dangerous Game,Comedy
The Movie Dummy,Comedy
The Movie Man,Comedy
The Penalty Box,Comedy
The Pit,Comedy
The Pre Nup,Comedy
The Race,Comedy
The Reality of #VanLife,Comedy
The Roommate,Comedy
The Royal Emporium,Comedy
The Salesmen,Comedy
The Serenade,Comedy
The Silent Treatment,Comedy
The Steeplechaser,Comedy
The Tender Tale of Cinderella Penguin,Comedy
The Tie,Comedy
There's a Stranger in my Mirror,Comedy
Throwing a Party,Comedy
To Cut a Long Story Short,Comedy
Ton Eighty,Comedy
Tonight,Comedy
Touring,Comedy
Toy Boy,Comedy
TRASH,Comedy
Tutto bene,Comedy
Twinkle Twinkle,Comedy
Unfiltered,Comedy
Unwilling Scholars,Comedy
Upper Hand,Comedy
"Vas-y, tue-moi!",Comedy
Vitaphone Gayeties,Comedy
Walking,Comedy
Weekday Service,Comedy
What are you thinking,Comedy
What Didn't Happen to Mary?,Comedy
When You Change the Netflix Password,Comedy
When Your Roommate Thinks She's Captain Jack...,Comedy
With the Moonshine on the Wabash,Comedy
Working with Damian,Comedy
Young Hearts,Comedy
@18 All Time Dourer Upor,Comedy
A Very Merry Mix-Up,Comedy
AgyrÃ©mek,Comedy
Austin Powers' Electric Pussycat Swingers Club,Comedy
Beauty,Comedy
Big Bird's Birthday or Let Me Eat Cake,Comedy
Candid Camera's 50th Anniversary,Comedy
Charlize Theron Will Kick Your Ass,Comedy
Der FeldherrnhÃ_gel,Comedy
Disco Beaver from Outer Space,Comedy
Doppelt gebacken,Comedy
Doppelzimmer fÃ_r drei,Comedy
"Er du vÃ¥ken, Angela?",Comedy
Family Bonded,Comedy
"Feliz Nochevieja, cariÃ±o",Comedy
History of the Joke,Comedy
HvaÃ° er Ã_ kassanum?,Comedy
Hyacinth Halvey,Comedy
L'Ã©cole des maris,Comedy
Last Chance Casting,Comedy
"Liebe, Love, l'Amour",Comedy
Mac's Apartment,Comedy
"Mach's, aber mach's mit",Comedy
Madame Sans-GÃ¨ne,Comedy
Markov trg,Comedy
Next Big Thing,Comedy
Ollie Hopnoodle's Haven of Bliss,Comedy
Pete 'n' Tillie,Comedy
Saving Kenan,Comedy
Season of Hope,Comedy
Sufle,Comedy
Tchao,Comedy
The Making of A Lover's Scent,Comedy
The Mollusc,Comedy
Tracey Takes on New York,Comedy
Verstrickt und zugenÃ_ht,Comedy
Vicarious,Comedy
Â¡MamaaÃ¡!,Comedy
Branagan and Mapes,Comedy
"DokonalÃ_ muz, dokonalÃ¡ zena",Comedy
Greenboy: Prescription for Death,Comedy
Istoricheskie anekdoty,Comedy
Les petites demoiselles,Comedy
The Amazing Screw-On Head,Comedy
Alf Poier: Satsang,Comedy
Otto Waalkes: MCVKIIRVIII,Comedy